"ProductKey","salesamount","month_year"
213,4305.0266,"01-2012"
213,3874.8251,"02-2012"
213,2167.3839,"03-2012"
213,2955.7206,"04-2012"
213,2268.3164,"05-2012"
213,1009.325,"06-2012"
213,1090.071,"07-2012"
213,908.3925,"08-2012"
213,2186.7059,"09-2012"
213,2934.4709,"10-2012"
213,2878.4499,"11-2012"
214,2971.1764,"12-2012"
216,4804.387,"01-2012"
216,3887.2801,"02-2012"
216,2681.6012,"03-2012"
216,3073.6501,"04-2012"
216,2685.8401,"05-2012"
216,1009.325,"06-2012"
216,1372.682,"07-2012"
216,1622.3484,"08-2012"
216,2700.8428,"09-2012"
216,3190.5026,"10-2012"
216,2521.9669,"11-2012"
217,2997.9436,"12-2012"
221,4864.919,"01-2012"
221,3726.4851,"02-2012"
221,2572.1771,"03-2012"
221,3565.5545,"04-2012"
221,2819.9158,"05-2012"
221,1352.4955,"06-2012"
221,1897.531,"07-2012"
221,1392.8685,"08-2012"
221,2726.3555,"09-2012"
221,3248.9358,"10-2012"
221,2948.2646,"11-2012"
222,3131.7802,"12-2012"
224,1731.0468,"01-2012"
224,1119.706,"02-2012"
224,798.721,"03-2012"
224,1158.4979,"04-2012"
224,1103.8528,"05-2012"
224,440.8525,"06-2012"
224,700.1775,"07-2012"
224,639.8479,"08-2012"
224,754.2241,"09-2012"
224,1244.1337,"10-2012"
224,926.1219,"11-2012"
225,1277.7883,"12-2012"
230,6057.9625,"01-2012"
230,3553.4046,"02-2012"
230,2739.838,"03-2012"
230,3316.646,"04-2012"
230,3353.0611,"05-2012"
230,1067.0948,"06-2012"
230,1816.9452,"07-2012"
230,1384.3392,"08-2012"
230,2336.0724,"09-2012"
230,3498.7821,"10-2012"
230,2723.1292,"11-2012"
231,4762.9622,"12-2012"
233,9259.92,"01-2012"
233,7319.5168,"02-2012"
233,4382.1814,"03-2012"
233,7065.898,"04-2012"
233,5973.3676,"05-2012"
233,2624.4764,"06-2012"
233,4124.1772,"07-2012"
233,3079.8266,"08-2012"
233,5094.814,"09-2012"
233,6452.6344,"10-2012"
233,4798.119,"11-2012"
234,7260.9276,"12-2012"
236,4608.3678,"01-2012"
236,3855.4795,"02-2012"
236,2393.7532,"03-2012"
236,3316.646,"04-2012"
236,2867.3312,"05-2012"
236,1095.9352,"06-2012"
236,1557.3816,"07-2012"
236,1442.02,"08-2012"
236,1845.7856,"09-2012"
236,2578.9272,"10-2012"
236,1932.3068,"11-2012"
237,4121.7955,"12-2012"
239,46849.092,"01-2012"
239,39040.91,"02-2012"
239,12493.0912,"03-2012"
239,16397.1822,"04-2012"
239,8589.0002,"05-2012"
239,7808.182,"09-2012"
239,14054.7276,"10-2012"
239,18739.6368,"11-2012"
240,23190.3,"12-2012"
242,42945.001,"01-2012"
242,38260.0918,"02-2012"
242,7808.182,"03-2012"
242,16397.1822,"04-2012"
242,13273.9094,"05-2012"
242,15616.364,"09-2012"
242,18739.6368,"10-2012"
242,6246.5456,"11-2012"
243,27484.8,"12-2012"
245,15616.364,"01-2012"
245,11712.273,"02-2012"
246,13742.4,"12-2012"
254,13059.6122,"01-2012"
254,9196.91,"02-2012"
254,6621.7752,"03-2012"
254,9748.7246,"04-2012"
254,5702.0842,"05-2012"
254,2023.3202,"06-2012"
254,2943.0112,"07-2012"
254,2391.1966,"08-2012"
254,5702.0842,"09-2012"
254,7357.528,"10-2012"
254,7725.4044,"11-2012"
255,9104.94,"12-2012"
257,4782.3932,"01-2012"
257,3126.9494,"02-2012"
258,3439.644,"12-2012"
263,26100.828,"01-2012"
263,17070.3462,"02-2012"
263,9104.94,"03-2012"
263,15174.9,"04-2012"
263,8700.276,"05-2012"
263,5462.964,"06-2012"
263,4653.636,"07-2012"
263,4451.304,"08-2012"
263,8093.28,"09-2012"
263,15174.9,"10-2012"
263,9509.604,"11-2012"
265,15984.228,"01-2012"
265,9509.604,"02-2012"
265,7688.616,"03-2012"
265,10521.264,"04-2012"
265,8093.28,"05-2012"
265,2832.648,"06-2012"
265,4653.636,"07-2012"
265,2023.32,"08-2012"
265,6272.292,"09-2012"
265,8295.612,"10-2012"
265,10925.928,"11-2012"
267,5462.964,"01-2012"
267,2832.648,"02-2012"
267,1213.992,"03-2012"
267,1011.66,"04-2012"
267,1213.992,"05-2012"
267,202.332,"09-2012"
267,809.328,"10-2012"
267,809.328,"11-2012"
271,20435.532,"01-2012"
271,21649.524,"02-2012"
271,9104.94,"03-2012"
271,13556.244,"04-2012"
271,10318.932,"05-2012"
271,6676.956,"06-2012"
271,3439.644,"07-2012"
271,4451.304,"08-2012"
271,8093.28,"09-2012"
271,13151.58,"10-2012"
271,11330.592,"11-2012"
273,15377.232,"01-2012"
273,7486.284,"02-2012"
273,4046.64,"03-2012"
273,11330.592,"04-2012"
273,12544.584,"05-2012"
273,3844.308,"06-2012"
273,3034.98,"07-2012"
273,2832.648,"08-2012"
273,6474.624,"09-2012"
273,11735.256,"10-2012"
273,10201.7143,"11-2012"
280,4598.455,"01-2012"
280,4230.5786,"02-2012"
280,2207.2584,"03-2012"
280,1103.6292,"04-2012"
280,1839.382,"05-2012"
280,2207.2584,"09-2012"
280,919.691,"10-2012"
280,2391.1966,"11-2012"
281,4855.968,"12-2012"
286,21336.8312,"01-2012"
286,14792.4324,"02-2012"
286,8093.2808,"03-2012"
286,13611.4268,"04-2012"
286,8277.219,"05-2012"
286,3862.7022,"06-2012"
286,5334.2078,"07-2012"
286,3862.7022,"08-2012"
286,9380.8482,"09-2012"
286,13243.5504,"10-2012"
286,7173.5898,"11-2012"
287,14450.6863,"12-2012"
289,34980.8169,"01-2012"
289,22328.181,"02-2012"
289,3721.3635,"03-2012"
289,9675.5451,"04-2012"
289,14141.1813,"05-2012"
289,3721.3635,"09-2012"
289,7442.727,"10-2012"
289,2232.8181,"11-2012"
290,18830.1,"12-2012"
294,23816.7264,"01-2012"
294,19351.0902,"02-2012"
294,11164.0905,"03-2012"
294,17862.5448,"04-2012"
294,24560.9991,"05-2012"
294,5209.9089,"06-2012"
294,14885.454,"07-2012"
294,14885.454,"08-2012"
294,7442.727,"09-2012"
294,23072.4537,"10-2012"
294,23072.4537,"11-2012"
295,13917.9,"12-2012"
297,47849.4575,"01-2012"
297,44904.8755,"02-2012"
297,20612.074,"03-2012"
297,36807.275,"04-2012"
297,38279.566,"05-2012"
297,8097.6005,"06-2012"
297,24292.8015,"07-2012"
297,17667.492,"08-2012"
297,25765.0925,"09-2012"
297,44904.8755,"10-2012"
297,31654.2565,"11-2012"
298,36439.2,"12-2012"
305,20612.074,"01-2012"
305,19875.9285,"02-2012"
305,13250.619,"03-2012"
305,21348.2195,"04-2012"
305,18403.6375,"05-2012"
305,6625.3095,"06-2012"
305,19139.783,"07-2012"
305,11042.1825,"08-2012"
305,11778.328,"09-2012"
305,19875.9285,"10-2012"
305,21348.2195,"11-2012"
306,11336.64,"12-2012"
308,53587.6344,"01-2012"
308,48377.7255,"02-2012"
308,22328.181,"03-2012"
308,45400.6347,"04-2012"
308,31259.4534,"05-2012"
308,8186.9997,"06-2012"
308,21583.9083,"07-2012"
308,20839.6356,"08-2012"
308,30515.1807,"09-2012"
308,34980.8169,"10-2012"
308,38702.1804,"11-2012"
309,42098.0998,"12-2012"
321,30066.816,"01-2012"
321,15503.202,"02-2012"
321,7516.704,"03-2012"
321,24429.288,"04-2012"
321,8456.292,"05-2012"
321,9395.88,"06-2012"
321,25368.876,"07-2012"
321,5637.528,"08-2012"
321,7516.704,"09-2012"
321,21140.73,"10-2012"
321,11744.85,"11-2012"
323,68960.4349,"01-2012"
323,66445.8625,"02-2012"
323,50316.8166,"03-2012"
323,63422.19,"04-2012"
323,56381.6223,"05-2012"
323,43690.842,"06-2012"
323,66561.9799,"07-2012"
323,34764.756,"08-2012"
323,51553.3144,"09-2012"
323,64979.7137,"10-2012"
323,50119.1899,"11-2012"
325,61543.014,"01-2012"
325,50490.4055,"02-2012"
325,49006.7177,"03-2012"
325,53556.516,"04-2012"
325,43221.048,"05-2012"
325,38523.108,"06-2012"
325,50267.958,"07-2012"
325,36643.932,"08-2012"
325,40723.3099,"09-2012"
325,59366.9282,"10-2012"
325,44531.1469,"11-2012"
327,27788.3151,"01-2012"
327,58525.9969,"02-2012"
327,48981.9752,"03-2012"
327,65597.6494,"04-2012"
327,54618.8768,"05-2012"
327,41310.5524,"06-2012"
327,52270.5332,"07-2012"
327,50910.6362,"08-2012"
327,54127.3941,"09-2012"
327,59811.9797,"10-2012"
327,51313.1714,"11-2012"
329,67378.1687,"01-2012"
329,36544.6489,"02-2012"
329,39462.696,"03-2012"
329,64509.9197,"04-2012"
329,40872.078,"05-2012"
329,33355.374,"06-2012"
329,55435.692,"07-2012"
329,37237.1252,"08-2012"
329,41984.5502,"09-2012"
329,56375.28,"10-2012"
329,44068.6347,"11-2012"
331,42751.254,"01-2012"
331,25368.876,"02-2012"
331,20670.936,"03-2012"
331,39932.49,"04-2012"
331,24429.288,"05-2012"
331,19731.348,"06-2012"
331,31945.992,"07-2012"
331,20201.142,"08-2012"
331,24899.082,"09-2012"
331,38992.902,"10-2012"
331,21140.73,"11-2012"
333,64361.778,"01-2012"
333,45223.6232,"02-2012"
333,49501.2542,"03-2012"
333,56845.074,"04-2012"
333,38053.314,"05-2012"
333,33825.168,"06-2012"
333,55905.486,"07-2012"
333,37113.726,"08-2012"
333,43418.6747,"09-2012"
333,57932.8037,"10-2012"
333,39808.4644,"11-2012"
335,36174.138,"01-2012"
335,31673.8247,"02-2012"
335,27717.846,"03-2012"
335,27717.846,"04-2012"
335,25368.876,"05-2012"
335,22550.112,"06-2012"
335,27717.846,"07-2012"
335,21610.524,"08-2012"
335,20201.142,"09-2012"
335,34294.962,"10-2012"
335,25368.876,"11-2012"
337,35704.344,"01-2012"
337,15503.202,"02-2012"
337,10805.262,"03-2012"
337,25838.67,"04-2012"
337,9395.88,"05-2012"
337,8926.086,"06-2012"
337,23489.7,"07-2012"
337,7986.498,"08-2012"
337,4228.146,"09-2012"
337,25838.67,"10-2012"
337,10335.468,"11-2012"
339,39462.696,"01-2012"
339,26778.258,"02-2012"
339,23959.494,"03-2012"
339,31476.198,"04-2012"
339,24429.288,"05-2012"
339,16912.584,"06-2012"
339,35704.344,"07-2012"
339,19261.554,"08-2012"
339,25541.7602,"09-2012"
339,38053.314,"10-2012"
339,15972.996,"11-2012"
341,31945.992,"01-2012"
341,15503.202,"02-2012"
341,10805.262,"03-2012"
341,23959.494,"04-2012"
341,11275.056,"05-2012"
341,6577.116,"06-2012"
341,23489.7,"07-2012"
341,9865.674,"08-2012"
341,7516.704,"09-2012"
341,23959.494,"10-2012"
341,8926.086,"11-2012"
343,78578.9972,"01-2012"
343,52055.1327,"02-2012"
343,50786.6106,"03-2012"
343,74078.6839,"04-2012"
343,43796.4674,"05-2012"
343,42780.6161,"06-2012"
343,58254.456,"07-2012"
343,44630.43,"08-2012"
343,49341.9941,"09-2012"
343,69862.2045,"10-2012"
343,47646.8207,"11-2012"
352,139199.4016,"01-2012"
352,131022.2653,"02-2012"
352,64628.2936,"03-2012"
352,113556.8832,"04-2012"
352,88242.4778,"05-2012"
352,69599.7008,"06-2012"
352,91971.0332,"07-2012"
352,79542.5152,"08-2012"
352,90728.1814,"09-2012"
352,113099.5138,"10-2012"
352,99428.144,"11-2012"
353,82493.2764,"12-2012"
354,161570.734,"01-2012"
354,139722.2279,"02-2012"
354,85756.7742,"03-2012"
354,130499.439,"04-2012"
354,117219.9817,"05-2012"
354,62665.4163,"06-2012"
354,94456.7368,"07-2012"
354,64628.2936,"08-2012"
354,78299.6634,"09-2012"
354,86999.626,"10-2012"
354,65871.1454,"11-2012"
355,59855.742,"12-2012"
356,169485.2142,"01-2012"
356,131742.2908,"02-2012"
356,75813.9598,"03-2012"
356,111856.662,"04-2012"
356,129713.9566,"05-2012"
356,58414.0346,"06-2012"
356,91971.0332,"07-2012"
356,73328.2562,"08-2012"
356,74571.108,"09-2012"
356,92428.4026,"10-2012"
356,63385.4418,"11-2012"
357,70991.694,"12-2012"
358,162288.5748,"01-2012"
358,158016.6166,"02-2012"
358,73767.534,"03-2012"
358,168435.8693,"04-2012"
358,125404.8078,"05-2012"
358,73767.534,"06-2012"
358,147535.068,"07-2012"
358,87291.5819,"08-2012"
358,105733.4654,"09-2012"
358,149993.9858,"10-2012"
358,116798.5955,"11-2012"
359,85373.628,"12-2012"
360,147535.068,"01-2012"
360,162365.4161,"02-2012"
360,74996.9929,"03-2012"
360,178271.5405,"04-2012"
360,111880.7599,"05-2012"
360,70079.1573,"06-2012"
360,125922.0009,"07-2012"
360,76226.4518,"08-2012"
360,82373.7463,"09-2012"
360,134011.0201,"10-2012"
360,97127.2531,"11-2012"
361,83996.634,"12-2012"
362,97127.2531,"01-2012"
362,105021.1996,"02-2012"
362,59466.4688,"03-2012"
362,99586.1709,"04-2012"
362,70079.1573,"05-2012"
362,51637.2738,"06-2012"
362,88521.0408,"07-2012"
362,60243.4861,"08-2012"
362,70079.1573,"09-2012"
362,73767.534,"10-2012"
362,77455.9107,"11-2012"
363,52325.772,"12-2012"
364,42767.604,"01-2012"
364,30455.718,"02-2012"
364,31751.706,"03-2012"
364,42767.604,"04-2012"
364,39527.634,"05-2012"
364,29159.73,"06-2012"
364,37208.2475,"07-2012"
364,34991.676,"08-2012"
364,33047.694,"09-2012"
364,42767.604,"10-2012"
364,34991.676,"11-2012"
365,55727.484,"01-2012"
365,56375.478,"02-2012"
365,36287.664,"03-2012"
365,49247.544,"04-2012"
365,44711.586,"05-2012"
365,28511.736,"06-2012"
365,43619.9321,"07-2012"
365,35639.67,"08-2012"
365,42392.1995,"09-2012"
365,38879.64,"10-2012"
365,34343.682,"11-2012"
366,57671.466,"01-2012"
366,46655.568,"02-2012"
366,37583.652,"03-2012"
366,42767.604,"04-2012"
366,39527.634,"05-2012"
366,27215.748,"06-2012"
366,45359.58,"07-2012"
366,34991.676,"08-2012"
366,36935.658,"09-2012"
366,46655.568,"10-2012"
366,31103.712,"11-2012"
367,46655.568,"01-2012"
367,53783.502,"02-2012"
367,36935.658,"03-2012"
367,42119.61,"04-2012"
367,36287.664,"05-2012"
367,28511.736,"06-2012"
367,42323.9441,"07-2012"
367,34991.676,"08-2012"
367,37583.652,"09-2012"
367,49247.544,"10-2012"
367,27215.748,"11-2012"
368,129100.5056,"01-2012"
368,97296.1517,"02-2012"
368,76232.52,"03-2012"
368,136338.93,"04-2012"
368,65970.45,"05-2012"
368,52776.36,"06-2012"
368,104086.71,"07-2012"
368,67436.46,"08-2012"
368,70368.48,"09-2012"
368,130474.89,"10-2012"
368,64504.44,"11-2012"
369,129008.88,"01-2012"
369,73917.2015,"02-2012"
369,58640.4,"03-2012"
369,96756.66,"04-2012"
369,70368.48,"05-2012"
369,48378.33,"06-2012"
369,108484.74,"07-2012"
369,46912.32,"08-2012"
369,55708.38,"09-2012"
369,105552.72,"10-2012"
369,63038.43,"11-2012"
370,111416.76,"01-2012"
370,58640.4,"02-2012"
370,35184.24,"03-2012"
370,111416.76,"04-2012"
370,49844.34,"05-2012"
370,17592.12,"06-2012"
370,70368.48,"07-2012"
370,38116.26,"08-2012"
370,60106.41,"09-2012"
370,87960.6,"10-2012"
370,46912.32,"11-2012"
371,64137.9375,"01-2012"
371,23560.875,"02-2012"
371,18325.125,"03-2012"
371,62829.0,"04-2012"
371,31414.5,"05-2012"
371,10471.5,"06-2012"
371,65446.875,"07-2012"
371,35341.3125,"08-2012"
371,22251.9375,"09-2012"
371,60211.125,"10-2012"
371,30105.5625,"11-2012"
372,21990.15,"12-2012"
373,115186.5,"01-2012"
373,91349.004,"02-2012"
373,79086.8769,"03-2012"
373,98170.3125,"04-2012"
373,69924.3144,"05-2012"
373,51048.5625,"06-2012"
373,102097.125,"07-2012"
373,47121.75,"08-2012"
373,64137.9375,"09-2012"
373,111259.6875,"10-2012"
373,61520.0625,"11-2012"
374,74766.51,"12-2012"
375,112568.625,"01-2012"
375,83013.6894,"02-2012"
375,60211.125,"03-2012"
375,94243.5,"04-2012"
375,47121.75,"05-2012"
375,39268.125,"06-2012"
375,86389.875,"07-2012"
375,52357.5,"08-2012"
375,37959.1875,"09-2012"
375,98170.3125,"10-2012"
375,64137.9375,"11-2012"
376,78315.2315,"12-2012"
377,74609.4375,"01-2012"
377,75918.375,"02-2012"
377,34032.375,"03-2012"
377,82463.0625,"04-2012"
377,58902.1875,"05-2012"
377,24869.8125,"06-2012"
377,60211.125,"07-2012"
377,27487.6875,"08-2012"
377,35341.3125,"09-2012"
377,99479.25,"10-2012"
377,39268.125,"11-2012"
378,52776.36,"12-2012"
379,51048.5625,"01-2012"
379,35341.3125,"02-2012"
379,15707.25,"03-2012"
379,65446.875,"04-2012"
379,31414.5,"05-2012"
379,18325.125,"06-2012"
379,58902.1875,"07-2012"
379,35341.3125,"08-2012"
379,23560.875,"09-2012"
379,61520.0625,"10-2012"
379,27487.6875,"11-2012"
380,21990.15,"12-2012"
381,53423.3625,"01-2012"
381,42018.375,"02-2012"
381,33014.4375,"03-2012"
381,48621.2625,"04-2012"
381,37216.275,"05-2012"
381,24610.7625,"06-2012"
381,40817.85,"07-2012"
381,26411.55,"08-2012"
381,36015.75,"09-2012"
381,51022.3125,"10-2012"
381,28812.6,"11-2012"
382,32270.112,"12-2012"
383,54023.625,"01-2012"
383,39017.0625,"02-2012"
383,21609.45,"03-2012"
383,47420.7375,"04-2012"
383,24610.7625,"05-2012"
383,26411.55,"06-2012"
383,41418.1125,"07-2012"
383,22209.7125,"08-2012"
383,19808.6625,"09-2012"
383,48621.2625,"10-2012"
383,24610.7625,"11-2012"
384,33614.7,"12-2012"
385,44419.425,"01-2012"
385,24010.5,"02-2012"
385,13806.0375,"03-2012"
385,47420.7375,"04-2012"
385,19208.4,"05-2012"
385,8403.675,"06-2012"
385,30013.125,"07-2012"
385,13205.775,"08-2012"
385,16207.0875,"09-2012"
385,37816.5375,"10-2012"
385,26411.55,"11-2012"
386,25547.172,"12-2012"
387,25811.2875,"01-2012"
387,16807.35,"02-2012"
387,12605.5125,"03-2012"
387,27612.075,"04-2012"
387,11404.9875,"05-2012"
387,10204.4625,"06-2012"
387,28812.6,"07-2012"
387,12605.5125,"08-2012"
387,13806.0375,"09-2012"
387,24610.7625,"10-2012"
387,13205.775,"11-2012"
388,10084.41,"12-2012"
389,50422.05,"01-2012"
389,40777.8321,"02-2012"
389,40817.85,"03-2012"
389,45619.95,"04-2012"
389,33614.7,"05-2012"
389,22209.7125,"06-2012"
389,42018.375,"07-2012"
389,27612.075,"08-2012"
389,31813.9125,"09-2012"
389,51622.575,"10-2012"
389,33235.3347,"11-2012"
390,41009.934,"12-2012"
391,2223.3,"01-2012"
391,2845.824,"02-2012"
391,1067.184,"03-2012"
391,1956.504,"04-2012"
391,2756.892,"05-2012"
391,533.592,"09-2012"
391,2401.164,"10-2012"
391,1778.64,"11-2012"
393,8812.416,"01-2012"
393,7609.3376,"02-2012"
393,3029.268,"03-2012"
393,7573.17,"04-2012"
393,7160.088,"05-2012"
393,2065.41,"06-2012"
393,3717.738,"07-2012"
393,4130.82,"08-2012"
393,1652.328,"09-2012"
393,5232.372,"10-2012"
393,6747.006,"11-2012"
394,636.12,"01-2012"
394,554.04,"02-2012"
394,61.56,"03-2012"
394,328.32,"04-2012"
394,164.16,"05-2012"
395,5933.3315,"01-2012"
395,5491.9399,"02-2012"
395,3165.5482,"03-2012"
395,3559.692,"04-2012"
395,3682.44,"05-2012"
395,1560.168,"06-2012"
395,2393.586,"07-2012"
395,3989.31,"08-2012"
395,1718.472,"09-2012"
395,3152.6596,"10-2012"
395,3889.1476,"11-2012"
396,2245.14,"01-2012"
396,2170.302,"02-2012"
396,1122.57,"03-2012"
396,1870.95,"04-2012"
396,2394.816,"05-2012"
396,224.514,"06-2012"
396,1646.436,"07-2012"
396,1122.57,"08-2012"
396,1122.57,"09-2012"
396,2095.464,"10-2012"
396,2095.464,"11-2012"
397,2040.738,"01-2012"
397,1773.4985,"02-2012"
397,461.5955,"03-2012"
397,704.5405,"04-2012"
397,583.068,"05-2012"
397,291.534,"06-2012"
397,680.246,"07-2012"
397,777.424,"08-2012"
397,218.6505,"09-2012"
397,704.5405,"10-2012"
397,826.013,"11-2012"
398,1175.856,"12-2012"
399,3512.548,"01-2012"
399,3546.3225,"02-2012"
399,1802.4777,"03-2012"
399,2533.0875,"04-2012"
399,1654.9505,"05-2012"
399,1317.2055,"06-2012"
399,1587.4015,"07-2012"
399,1621.176,"08-2012"
399,1756.274,"09-2012"
399,2094.019,"10-2012"
399,2140.2227,"11-2012"
400,1523.232,"12-2012"
401,3083.2846,"01-2012"
401,2886.4792,"02-2012"
401,1574.4432,"03-2012"
401,1705.6468,"04-2012"
401,1246.4342,"05-2012"
401,1640.045,"09-2012"
401,1443.2396,"10-2012"
401,1443.2396,"11-2012"
402,2164.86,"12-2012"
403,1214.725,"01-2012"
403,1068.958,"02-2012"
404,614.652,"12-2012"
407,4460.9224,"01-2012"
407,3083.2846,"02-2012"
407,1312.036,"03-2012"
407,2361.6648,"04-2012"
407,2361.6648,"05-2012"
407,918.4252,"09-2012"
407,1640.045,"10-2012"
407,2361.6648,"11-2012"
408,3030.804,"12-2012"
409,12346.104,"01-2012"
409,9416.52,"02-2012"
409,6696.192,"03-2012"
409,14438.664,"04-2012"
409,8370.24,"05-2012"
409,4812.888,"06-2012"
409,10253.544,"07-2012"
409,3975.864,"08-2012"
409,9416.52,"09-2012"
409,11718.336,"10-2012"
409,8370.24,"11-2012"
410,4494.474,"01-2012"
410,3025.101,"02-2012"
410,1093.41,"03-2012"
410,2113.926,"04-2012"
410,1931.691,"05-2012"
410,510.258,"06-2012"
410,984.069,"07-2012"
410,1093.41,"08-2012"
410,1384.986,"09-2012"
410,1858.797,"10-2012"
410,1895.244,"11-2012"
411,6646.995,"01-2012"
411,6019.92,"02-2012"
411,2508.3,"03-2012"
411,2508.3,"04-2012"
411,2759.13,"05-2012"
411,3637.035,"09-2012"
411,2759.13,"10-2012"
411,2257.47,"11-2012"
412,11348.127,"01-2012"
412,7565.418,"02-2012"
412,2882.064,"03-2012"
412,3422.451,"04-2012"
412,1981.419,"05-2012"
412,3062.193,"09-2012"
412,2701.935,"10-2012"
412,1621.161,"11-2012"
414,15499.224,"01-2012"
414,8941.86,"02-2012"
414,6110.271,"03-2012"
414,9985.077,"04-2012"
414,5514.147,"05-2012"
414,6110.271,"09-2012"
414,9537.984,"10-2012"
414,6855.426,"11-2012"
415,20793.78,"01-2012"
415,12476.268,"02-2012"
415,8317.512,"03-2012"
415,15050.736,"04-2012"
415,7525.368,"05-2012"
415,1188.216,"06-2012"
415,1188.216,"07-2012"
415,1386.252,"08-2012"
415,8317.512,"09-2012"
415,13070.376,"10-2012"
415,9703.764,"11-2012"
417,23036.1417,"01-2012"
417,11680.2972,"02-2012"
417,13302.5607,"03-2012"
417,20116.0674,"04-2012"
417,12653.6553,"05-2012"
417,2271.1689,"06-2012"
417,7462.4121,"07-2012"
417,8760.2229,"08-2012"
417,12978.108,"09-2012"
417,17195.9931,"10-2012"
417,13302.5607,"11-2012"
418,15346.614,"12-2012"
419,4159.113,"01-2012"
419,3632.643,"02-2012"
419,1316.175,"03-2012"
419,1789.998,"04-2012"
419,947.646,"05-2012"
419,1263.528,"09-2012"
419,1263.528,"10-2012"
419,1105.587,"11-2012"
420,16621.0693,"01-2012"
420,15166.3537,"02-2012"
420,6231.06,"03-2012"
420,11895.66,"04-2012"
420,11470.815,"05-2012"
420,5381.37,"06-2012"
420,6231.06,"07-2012"
420,8355.285,"08-2012"
420,6655.905,"09-2012"
420,9488.205,"10-2012"
420,13080.6943,"11-2012"
421,23559.48,"01-2012"
421,20056.3163,"02-2012"
421,10798.095,"03-2012"
421,17080.623,"04-2012"
421,13154.043,"05-2012"
421,8049.489,"06-2012"
421,10012.779,"07-2012"
421,9620.121,"08-2012"
421,9620.121,"09-2012"
421,16295.307,"10-2012"
421,14344.2883,"11-2012"
422,8577.453,"01-2012"
422,5470.659,"02-2012"
422,4525.113,"03-2012"
422,7226.673,"04-2012"
422,3782.184,"05-2012"
422,2026.17,"06-2012"
422,4525.113,"07-2012"
422,2634.021,"08-2012"
422,5065.425,"09-2012"
422,6956.517,"10-2012"
422,3849.723,"11-2012"
423,4130.775,"01-2012"
423,4791.699,"02-2012"
424,8569.44,"01-2012"
424,7498.26,"02-2012"
426,5022.144,"01-2012"
426,5649.912,"02-2012"
427,17577.504,"01-2012"
427,16531.224,"02-2012"
427,10672.056,"03-2012"
427,15275.688,"04-2012"
427,9835.032,"05-2012"
427,3557.352,"06-2012"
427,6277.68,"07-2012"
427,5231.4,"08-2012"
427,9207.264,"09-2012"
427,13183.128,"10-2012"
427,11927.592,"11-2012"
428,27831.048,"01-2012"
428,24901.464,"02-2012"
428,14912.1406,"03-2012"
428,17786.76,"04-2012"
428,16740.48,"05-2012"
428,7533.216,"06-2012"
428,11927.592,"07-2012"
428,10044.288,"08-2012"
428,12213.8542,"09-2012"
428,20925.6,"10-2012"
428,16740.48,"11-2012"
429,7786.8648,"01-2012"
429,9733.581,"02-2012"
429,2595.6216,"03-2012"
429,4542.3378,"04-2012"
429,4542.3378,"05-2012"
429,1946.7162,"09-2012"
429,3244.527,"10-2012"
429,2920.0743,"11-2012"
430,8208.654,"12-2012"
433,39907.6821,"01-2012"
433,32120.8173,"02-2012"
433,15573.7296,"03-2012"
433,29200.743,"04-2012"
433,17844.8985,"05-2012"
433,11355.8445,"06-2012"
433,5840.1486,"07-2012"
433,11031.3918,"08-2012"
433,17844.8985,"09-2012"
433,31471.9119,"10-2012"
433,12329.2026,"11-2012"
434,28217.2481,"12-2012"
435,25307.3106,"01-2012"
435,14275.9188,"02-2012"
435,7786.8648,"03-2012"
435,21089.4255,"04-2012"
435,15573.7296,"05-2012"
435,6164.6013,"06-2012"
435,4542.3378,"07-2012"
435,6489.054,"08-2012"
435,12329.2026,"09-2012"
435,20116.0674,"10-2012"
435,12978.108,"11-2012"
436,15703.512,"12-2012"
439,54657.274,"01-2012"
439,31232.728,"02-2012"
439,4684.9092,"03-2012"
439,17958.8186,"04-2012"
439,14835.5458,"05-2012"
439,13273.9094,"09-2012"
439,11712.273,"10-2012"
439,15616.364,"11-2012"
440,29202.6,"12-2012"
441,14054.7276,"01-2012"
441,12493.0912,"02-2012"
442,17178.0,"12-2012"
445,1907.682,"01-2012"
445,2159.64,"02-2012"
445,1547.742,"03-2012"
445,2267.622,"04-2012"
445,1524.9938,"05-2012"
445,1115.814,"06-2012"
445,1835.694,"07-2012"
445,1187.802,"08-2012"
445,1454.9015,"09-2012"
445,2303.616,"10-2012"
445,1403.766,"11-2012"
447,2511.31,"01-2012"
447,2205.77,"02-2012"
447,960,"03-2012"
447,1620,"04-2012"
447,1200,"05-2012"
447,720,"06-2012"
447,735,"07-2012"
447,750,"08-2012"
447,1050,"09-2012"
447,1515,"10-2012"
447,1370.52,"11-2012"
448,2066.7501,"01-2012"
448,1634.9661,"02-2012"
448,779.61,"03-2012"
448,1367.316,"04-2012"
448,1079.46,"05-2012"
448,635.682,"06-2012"
448,467.766,"07-2012"
448,659.67,"08-2012"
448,971.514,"09-2012"
448,1499.25,"10-2012"
448,911.544,"11-2012"
453,5374.4561,"01-2012"
453,4640.9824,"02-2012"
453,3743.376,"03-2012"
453,4463.256,"04-2012"
453,4404.0099,"05-2012"
453,2051.658,"06-2012"
453,1799.7,"07-2012"
453,2159.64,"08-2012"
453,3394.7861,"09-2012"
453,4391.268,"10-2012"
453,4067.322,"11-2012"
454,1475.754,"01-2012"
454,2231.628,"02-2012"
454,1475.754,"03-2012"
454,1943.676,"04-2012"
454,1763.706,"05-2012"
454,395.934,"06-2012"
454,287.952,"07-2012"
454,395.934,"08-2012"
454,1403.766,"09-2012"
454,1655.724,"10-2012"
454,1331.778,"11-2012"
456,12441.7485,"01-2012"
456,9582.1547,"02-2012"
456,7045.0406,"03-2012"
456,10445.6571,"04-2012"
456,7797.5202,"05-2012"
456,3689.508,"06-2012"
456,4949.34,"07-2012"
456,4805.5467,"08-2012"
456,5688.1715,"09-2012"
456,8129.291,"10-2012"
456,7159.4228,"11-2012"
457,2609.652,"01-2012"
457,2429.676,"02-2012"
457,1484.802,"03-2012"
457,2204.706,"04-2012"
457,2249.7,"05-2012"
457,1529.796,"09-2012"
457,1934.742,"10-2012"
457,1754.766,"11-2012"
458,12040.012,"01-2012"
458,8739.5896,"02-2012"
458,7677.3263,"03-2012"
458,10144.8872,"04-2012"
458,7525.8164,"05-2012"
458,4139.448,"06-2012"
458,4904.346,"07-2012"
458,5053.5161,"08-2012"
458,6829.5793,"09-2012"
458,9403.746,"10-2012"
458,8965.8569,"11-2012"
459,7442.605,"01-2012"
459,6439.4684,"02-2012"
459,2645.706,"03-2012"
459,2375.736,"04-2012"
459,3023.664,"05-2012"
459,2105.766,"06-2012"
459,2537.718,"07-2012"
459,2483.724,"08-2012"
459,3131.652,"09-2012"
459,4859.46,"10-2012"
459,5075.436,"11-2012"
460,12906.5818,"01-2012"
460,11845.0688,"02-2012"
460,5854.0655,"03-2012"
460,6479.28,"04-2012"
460,7090.2401,"05-2012"
460,3401.622,"06-2012"
460,4319.52,"07-2012"
460,3293.634,"08-2012"
460,6016.0475,"09-2012"
460,9525.6575,"10-2012"
460,6788.0178,"11-2012"
461,5831.352,"01-2012"
461,4859.46,"02-2012"
461,2159.76,"03-2012"
461,2483.724,"04-2012"
461,3185.646,"05-2012"
461,1025.886,"06-2012"
461,1619.82,"07-2012"
461,755.916,"08-2012"
461,2213.754,"09-2012"
461,2753.694,"10-2012"
461,2969.67,"11-2012"
462,748.8317,"01-2012"
462,649.9294,"02-2012"
462,522.7693,"03-2012"
462,607.5427,"04-2012"
462,734.7028,"05-2012"
462,310.8358,"06-2012"
462,649.9294,"07-2012"
462,310.8358,"08-2012"
462,635.8005,"09-2012"
462,734.7028,"10-2012"
462,725.7729,"11-2012"
463,2052.6417,"12-2012"
464,1808.4992,"01-2012"
464,1591.3465,"02-2012"
464,974.8941,"03-2012"
464,1158.5698,"04-2012"
464,960.7652,"05-2012"
464,649.9294,"06-2012"
464,805.3473,"07-2012"
464,649.9294,"08-2012"
464,1243.3432,"09-2012"
464,1836.757,"10-2012"
464,1758.754,"11-2012"
465,2690.1089,"12-2012"
466,692.3161,"01-2012"
466,734.7028,"02-2012"
466,197.8046,"03-2012"
466,240.1913,"04-2012"
466,183.6757,"05-2012"
466,508.6404,"09-2012"
466,649.9294,"10-2012"
466,508.6404,"11-2012"
467,969.804,"12-2012"
468,1937.49,"01-2012"
468,1686.756,"02-2012"
468,797.79,"03-2012"
468,843.378,"04-2012"
468,774.996,"05-2012"
468,182.352,"06-2012"
468,592.644,"07-2012"
468,569.85,"08-2012"
468,683.82,"09-2012"
468,1504.404,"10-2012"
468,706.614,"11-2012"
469,5888.7578,"01-2012"
469,5492.6855,"02-2012"
469,3146.3319,"03-2012"
469,4768.3149,"04-2012"
469,4479.8454,"05-2012"
469,1937.4596,"06-2012"
469,3561.0876,"07-2012"
469,2302.194,"08-2012"
469,3199.552,"09-2012"
469,5013.6353,"10-2012"
469,4266.2732,"11-2012"
470,8469.5136,"01-2012"
470,7197.6425,"02-2012"
470,4550.5068,"03-2012"
470,7094.4995,"04-2012"
470,5589.0242,"05-2012"
470,3737.3612,"06-2012"
470,5621.9805,"07-2012"
470,3499.3614,"08-2012"
470,4834.1971,"09-2012"
470,7090.1687,"10-2012"
470,5189.0199,"11-2012"
471,11277.8162,"12-2012"
472,7988.4145,"12-2012"
474,6529.0172,"12-2012"
475,1679.76,"12-2012"
476,8160.6451,"12-2012"
477,645.7685,"12-2012"
480,115.416,"12-2012"
481,481.4828,"12-2012"
482,912.0733,"12-2012"
483,14905.272,"12-2012"
484,1016.9911,"12-2012"
487,5367.3979,"12-2012"
488,5536.2156,"12-2012"
490,7042.6338,"12-2012"
491,9201.6454,"12-2012"
492,17468.034,"12-2012"
493,7111.0151,"12-2012"
494,8432.844,"12-2012"
495,9637.536,"12-2012"
496,14456.304,"12-2012"
497,7228.152,"12-2012"
498,10842.228,"12-2012"
499,32544.2524,"12-2012"
500,25900.878,"12-2012"
501,1821.9,"12-2012"
502,4801.248,"12-2012"
503,3800.988,"12-2012"
505,200.052,"12-2012"
506,5001.3,"12-2012"
507,3000.78,"12-2012"
509,1000.26,"12-2012"
510,400.104,"12-2012"
511,20534.676,"12-2012"
512,11578.062,"12-2012"
513,6772.074,"12-2012"
514,1022.4,"12-2012"
515,699.696,"12-2012"
516,1229.8101,"12-2012"
517,1042.272,"12-2012"
518,16.272,"12-2012"
520,789.6,"12-2012"
521,276.624,"12-2012"
522,328.776,"12-2012"
523,915.936,"12-2012"
524,8655.1365,"12-2012"
525,4594.47,"12-2012"
526,1109.01,"12-2012"
527,6970.92,"12-2012"
531,5695.212,"12-2012"
532,9442.062,"12-2012"
533,4945.842,"12-2012"
534,299.748,"12-2012"
542,971.76,"12-2012"
543,1229.382,"12-2012"
544,2493.6173,"12-2012"
545,2210.754,"12-2012"
546,2086.224,"12-2012"
547,2818.452,"12-2012"
548,923.286,"12-2012"
549,218.454,"12-2012"
550,149.874,"12-2012"
551,5228.19,"12-2012"
552,2964.276,"12-2012"
553,248.886,"12-2012"
554,1428.492,"12-2012"
555,4089.6,"12-2012"
556,2842.938,"12-2012"
557,2462.304,"12-2012"
558,10755.5624,"12-2012"
559,485.76,"12-2012"
560,32340.2789,"12-2012"
561,62557.9968,"12-2012"
562,24412.8768,"12-2012"
563,4577.4144,"12-2012"
564,41959.632,"12-2012"
565,9654.262,"12-2012"
566,7098.722,"12-2012"
567,2555.54,"12-2012"
568,15901.1373,"12-2012"
569,9370.313,"12-2012"
570,9370.3131,"12-2012"
571,4543.1821,"12-2012"
572,14197.444,"12-2012"
573,76770.8685,"12-2012"
574,40052.376,"12-2012"
575,18595.746,"12-2012"
576,77655.1201,"12-2012"
577,20409.48,"12-2012"
578,5102.37,"12-2012"
579,42276.78,"12-2012"
580,110653.8221,"12-2012"
581,71505.3671,"12-2012"
582,23473.662,"12-2012"
583,128002.2191,"12-2012"
584,14255.736,"12-2012"
585,5678.9775,"12-2012"
586,17604.8306,"12-2012"
587,11080.656,"12-2012"
588,14312.514,"12-2012"
589,9233.88,"12-2012"
590,9233.88,"12-2012"
591,12203.784,"12-2012"
592,11525.796,"12-2012"
593,8135.856,"12-2012"
594,8135.856,"12-2012"
595,14237.748,"12-2012"
596,6803.874,"12-2012"
597,7775.856,"12-2012"
598,6155.886,"12-2012"
599,12311.772,"12-2012"
600,3239.94,"12-2012"
601,907.032,"12-2012"
603,2478.396,"12-2012"
604,3887.928,"12-2012"
605,37352.4583,"12-2012"
606,30131.01,"12-2012"
